{
	"ns":"JUL.Comments",
	"preferredFramework":"xul",
	"title":"JUL Comment System",
	"version":"0.1459972177407",
	"init":"function () {\n\tfor (var sItem in this.modules) {\n\t\tif (this.modules.hasOwnProperty(sItem)) {\n\t\t\tvar sNS = this.modules[sItem].ns;\n\t\t\tif (sNS.substr(0, 1) === '.') { sNS = this.ns + sNS; }\n\t\t\tvar oModule = JUL.get(sNS);\n\t\t\tif (!oModule) { continue; }\n\t\t\toModule.app = this;\n\t\t\toModule.parser = new JUL.UI.Parser(oModule.parserConfig);\n\t\t\tvar oPanel = oModule.parser.create(oModule.ui, oModule.logic);\n\t\t\tif (oPanel) { ample.documentElement.appendChild(oPanel); }\n\t\t}\n\t}\n\t//this.onInit();\n}",
	"modules":{
		"project":{
			"ns":".project","description":"Main page"
		},
		"edit":{
			"ns":".edit","description":"Edit dialog"
		},
		"browse":{
			"ns":".browse","description":"Browse dialog"
		},
		"open":{
			"ns":".open","description":"Open dialog"
		}
	},
	"defaultParser":{
		"classProperty":"xclass","defaultClass":"xul","childrenProperty":"children","membersProperties":[],"idProperty":"id","bindingProperty":"cid","useTags":true,"tagProperty":"tag","topDown":true,"parentProperty":"parent","customFactory":"JUL.UI.createDom"
	},
	"template":"<!DOCTYPE html>\n<html>\n<head>\n<meta http-equiv=\"Content-Type\" content=\"text/html; charset=UTF-8\" />\n<title>{app_title}</title>\n<link type=\"text/css\" href=\"/jcs/amplesdk-mainta-0.9.4/ample/languages/xhtml/themes/default/style-prod.css\" rel=\"stylesheet\" />\n<link type=\"text/css\" href=\"/jcs/amplesdk-mainta-0.9.4/ample/languages/xul/themes/default/style-prod.css\" rel=\"stylesheet\" />\n<link type=\"text/css\" href=\"/jcs/source/css/main.css\" rel=\"stylesheet\" />\n<link type=\"text/css\" href=\"/jcs/source/css/skin.css\" rel=\"stylesheet\" />\n<script type=\"text/javascript\" src=\"/jcs/amplesdk-mainta-0.9.4/ample/runtime.js\"></script>\n<script type=\"text/javascript\" src=\"/jcs/amplesdk-mainta-0.9.4/ample/languages/xhtml/xhtml.js\"></script>\n<script type=\"text/javascript\" src=\"/jcs/amplesdk-mainta-0.9.4/ample/languages/xul/xul.js\"></script>\n<script type=\"text/javascript\" src=\"/designer/source/js/jul.js\"></script>\n{app_script}\n{modules_scripts}\n</head>\n<body>\n<script type=\"text/javascript\">\nample.$init();\n{app_ns}.init();\n</script>\n</body>\n</html>"
}