{"keepBindings":false,"listenersProperty":"listeners","ns":"newsreader.jqm","suggestedFramework":"html","title":"JUL News Reader - jQuery Mobile","version":"1.1500457071232","template":"<!doctype html>\n<html>\n<head>\n<meta http-equiv=\"Content-Type\" content=\"text/html; charset=UTF-8\" />\n<title>{project_title}</title>\n<meta name=\"viewport\" content=\"width=device-width, initial-scale=1\" />\n<link rel=\"stylesheet\" href=\"//code.jquery.com/mobile/1.4.5/jquery.mobile-1.4.5.min.css\" />\n<link type=\"text/css\" href=\"../../assets/examples/{project_ns}.css?{ts}\" rel=\"stylesheet\" />\n<script type=\"text/javascript\" src=\"//cdnjs.cloudflare.com/ajax/libs/json2/20140204/json2.min.js\"></script>\n<script src=\"//ajax.googleapis.com/ajax/libs/jquery/1/jquery.min.js\"></script>\n<script src=\"//code.jquery.com/mobile/1.4.5/jquery.mobile-1.4.5.min.js\"></script>\n{jul_script}\n{project_script}\n<script type=\"text/javascript\" src=\"../../assets/examples/{project_ns}.js?{ts}\"></script>\n</head>\n<body>\n<script type=\"text/javascript\">\n{project_ns}.init();\n</script>\n</body>\n</html>"}