{
	"keepBindings":false,
	"lastComponentId":1,
	"listenersProperty":"listeners",
	"noLogic":true,
	"ns":"newsreader.jqm",
	"suggestedFramework":"html",
	"title":"JUL News Reader - jQuery Mobile",
	"version":"1.1573234879767",
	"init":"=func: function () {\n\tvar oParser = new jul.ui.Parser(this.parserConfig);\n\toParser.create(this.ui, this.logic, document.body);\n}",
	"template":"<!DOCTYPE html>\n<html>\n<head>\n<meta charset=\"UTF-8\" />\n<title>{project_title}</title>\n{polyfill_script}\n<meta name=\"viewport\" content=\"width=device-width, initial-scale=1\" />\n<link rel=\"stylesheet\" href=\"//code.jquery.com/mobile/1.4.5/jquery.mobile-1.4.5.min.css\" />\n<link type=\"text/css\" href=\"../../assets/examples/{project_ns}.css?{ts}\" rel=\"stylesheet\" />\n<script src=\"//ajax.googleapis.com/ajax/libs/jquery/1/jquery.min.js\"></script>\n<script src=\"//code.jquery.com/mobile/1.4.5/jquery.mobile-1.4.5.min.js\"></script>\n{jul_script}\n{project_script}\n<script type=\"text/javascript\" src=\"../../assets/examples/{project_ns}.js?{ts}\"></script>\n</head>\n<body>\n<script type=\"text/javascript\">\n{project_ns}.init();\n</script>\n<div id=\"gear\">Geared by <a target=\"_blank\" href=\"https://toolkit.sekando.com/docs/en/feednami\">Feednami</a></div>\n<script type=\"text/javascript\" src=\"https://static.sekandocdn.net/static/feednami/feednami-client-v1.1.js\"></script>\n</body>\n</html>",
	"parserConfig":{
		"classProperty":"xclass","defaultClass":"html","childrenProperty":"children","membersProperties":[],"idProperty":"id",
		"bindingProperty":"cid","useTags":true,"tagProperty":"tag","topDown":true,"parentProperty":"parent",
		"customFactory":"JUL.UI.createDom","membersMappings":{}
	},
	"ui":{
		"xclass":"html","tag":"div","id":"content","children":[
			{"xclass":"html","tag":"div","data-dialog":true,"data-role":"page","children":[
				{"xclass":"html","tag":"div","data-role":"header","children":[
					{"xclass":"html","tag":"h1","id":"caption","html":"JUL News Reader"},
					{"xclass":"html","tag":"div","css":"ui-bar","children":[
						{"xclass":"html","tag":"form","id":"form-address","action":"#","method":"GET","children":[
							{"xclass":"html","tag":"div","css":"left","children":[
								{"xclass":"html","tag":"label","css":"ui-hidden-accessible","for":"input-address","html":"Address"},
								{"xclass":"html","tag":"input","id":"input-address","placeholder":"Address",
								"value":"http://feeds.skynews.com/feeds/rss/technology.xml"}
							]},
							{"xclass":"html","tag":"div","css":"right","children":[
								{"xclass":"html","tag":"button","css":"ui-btn ui-btn-a ui-corner-all ui-mini","html":"Go","title":"Get the news",
								"type":"submit"}
							]}
						]}
					]}
				]},
				{"xclass":"html","tag":"div","css":"ui-content","data-role":"main","children":[
					{"xclass":"html","tag":"div","id":"tabs-feed","data-role":"tabs","children":[
						{"xclass":"html","tag":"div","data-role":"navbar","children":[
							{"xclass":"html","tag":"ul","children":[
								{"xclass":"html","tag":"li","children":[
									{"xclass":"html","tag":"a","href":"#panel-articles","html":"Articles"}
								]},
								{"xclass":"html","tag":"li","children":[
									{"xclass":"html","tag":"a","href":"#panel-entry","html":"Entry"}
								]}
							]}
						]},
						{"xclass":"html","tag":"div","id":"panel-articles","children":[
							{"xclass":"html","tag":"ul","id":"list-articles","data-role":"listview","children":[
								{"xclass":"html","tag":"li","html":"Get the news"}
							]}
						]},
						{"xclass":"html","tag":"div","id":"panel-entry","children":[
							{"xclass":"html","tag":"div","id":"article-title"},
							{"xclass":"html","tag":"div","id":"article-date"},
							{"xclass":"html","tag":"div","id":"article-image","children":[
								{"xclass":"html","tag":"img","id":"img-article","width":"200","alt":"Get the news"}
							]},
							{"xclass":"html","tag":"div","id":"article-content"}
						]}
					]}
				]},
				{"xclass":"html","tag":"div","data-role":"footer","children":[
					{"xclass":"html","tag":"a","id":"go-prev","href":"#","html":"Prev"},
					{"xclass":"html","tag":"a","id":"go-next","css":"ui-btn-right","href":"#","html":"Next"}
				]}
			]}
		]
	},
	"logic":{}
}