{
	"keepBindings":false,
	"lastComponentId":4,
	"listenersProperty":"listeners",
	"noLogic":true,
	"ns":"newsreader.kendo",
	"suggestedFramework":"html",
	"title":"JUL News Reader - Kendo UI Mobile",
	"version":"1.1500457145455",
	"init":"=func: function () {\n\tvar oParser = new jul.ui.Parser(this.parserConfig);\n\toParser.create(this.ui, this.logic, document.body);\n}",
	"template":"<!DOCTYPE html>\n<html>\n<head>\n<meta http-equiv=\"Content-Type\" content=\"text/html; charset=UTF-8\" />\n<title>{project_title}</title>\n<link rel=\"stylesheet\" type=\"text/css\" href=\"//da7xgjtj801h2.cloudfront.net/2014.3.1119/styles/kendo.mobile.all.min.css\" />\n<link type=\"text/css\" href=\"../../assets/examples/{project_ns}.css?{ts}\" rel=\"stylesheet\" />\n<script type=\"text/javascript\" src=\"//cdnjs.cloudflare.com/ajax/libs/json2/20140204/json2.min.js\"></script>\n<script src=\"//ajax.googleapis.com/ajax/libs/jquery/1/jquery.min.js\"></script>\n<script src=\"//da7xgjtj801h2.cloudfront.net/2014.3.1119/js/kendo.mobile.min.js\"></script>\n{jul_script}\n{project_script}\n<script type=\"text/javascript\" src=\"../../assets/examples/{project_ns}.js?{ts}\"></script>\n</head>\n<body>\n<script type=\"text/javascript\">\n{project_ns}.init();\n(function($) {\n\t{project_ns}.app = new kendo.mobile.Application($('#content'), {\n\t\tskin: 'flat',\n\t\tbrowserHistory: false\n\t});\n})(jQuery);\n</script>\n</body>\n</html>",
	"parserConfig":{
		"classProperty":"xclass","defaultClass":"html","childrenProperty":"children","membersProperties":[],"idProperty":"id",
		"bindingProperty":"cid","useTags":true,"tagProperty":"tag","topDown":true,"parentProperty":"parent",
		"customFactory":"JUL.UI.createDom","membersMappings":{}
	},
	"ui":{
		"xclass":"html","tag":"div","id":"content","children":[
			{"xclass":"html","tag":"div","data-id":"main","data-role":"layout","children":[
				{"xclass":"html","tag":"div","data-role":"header","children":[
					{"xclass":"html","tag":"div","data-role":"navbar","children":[
						{"xclass":"html","tag":"div","id":"caption","html":"JUL News Reader"}
					]},
					{"xclass":"html","tag":"div","data-role":"navbar","children":[
						{"xclass":"html","tag":"form","id":"form-address","action":"#","method":"GET","children":[
							{"xclass":"html","tag":"div","css":"left","children":[
								{"xclass":"html","tag":"input","id":"input-address","style":"width:100%",
								"value":"http://feeds.skynews.com/feeds/rss/technology.xml"}
							]},
							{"xclass":"html","tag":"div","css":"right","children":[
								{"xclass":"html","tag":"button","css":"km-widget km-button","html":"Go","style":"font-size:small;line-height:1.2em",
								"title":"Get the news","type":"submit"}
							]}
						]}
					]},
					{"xclass":"html","tag":"div","id":"tabs-feed","data-role":"tabstrip","children":[
						{"xclass":"html","tag":"a","href":"#view-articles","html":"Articles"},
						{"xclass":"html","tag":"a","href":"#view-entry","html":"Entry"}
					]}
				]},
				{"xclass":"html","tag":"div","data-role":"footer","children":[
					{"xclass":"html","tag":"div","data-role":"navbar","children":[
						{"xclass":"html","tag":"a","id":"go-prev","data-align":"left","data-role":"button","href":"#","html":"Prev"},
						{"xclass":"html","tag":"a","id":"go-next","data-align":"right","data-role":"button","href":"#","html":"Next"}
					]}
				]}
			]},
			{"xclass":"html","tag":"div","id":"view-articles","data-layout":"main","data-role":"view","children":[
				{"xclass":"html","tag":"ul","id":"list-articles","data-role":"listview"}
			]},
			{"xclass":"html","tag":"div","id":"view-entry","data-layout":"main","data-role":"view","children":[
				{"xclass":"html","tag":"div","id":"article-title"},
				{"xclass":"html","tag":"div","id":"article-date"},
				{"xclass":"html","tag":"div","id":"article-image","children":[
					{"xclass":"html","tag":"img","id":"img-article","width":"200","alt":"Get the news"}
				]},
				{"xclass":"html","tag":"div","id":"article-content"}
			]}
		]
	},
	"logic":{}
}