{"keepBindings":false,"listenersProperty":"listeners","ns":"newsreader.openui5","suggestedFramework":"sap.ui.commons","title":"JUL News Reader - OpenUI5","version":"1.1547811178768","template":"<!DOCTYPE html>\n<html>\n<head>\n<meta charset=\"UTF-8\">\n<title>{project_ns}</title>\n<link rel=\"stylesheet\" type=\"text/css\" href=\"../../assets/examples/{project_ns}.css?{ts}\" />\n<script type=\"text/javascript\" id=\"sap-ui-bootstrap\"\n\tsrc=\"https://openui5.hana.ondemand.com/1.38.19/resources/sap-ui-core.js\"\n\tdata-sap-ui-theme=\"sap_bluecrystal\"\n\tdata-sap-ui-libs=\"sap.ui.commons,sap.ui.unified\"\n></script>\n{jul_script}\n{project_script}\n<script type=\"text/javascript\" src=\"../../assets/examples/{project_ns}.js?{ts}\"></script>\n</head>\n<body class=\"sapUiBody\">\n<script type=\"text/javascript\">\n{project_ns}.init();\nsap.ui.getCore().attachInit(function() {\n\t{project_ns}.wnd.open();\n});\n</script>\n<div id=\"gear\">Geared by <a target=\"_blank\" href=\"https://toolkit.sekando.com/docs/en/feednami\">Feednami</a></div>\n<script type=\"text/javascript\" src=\"https://static.sekandocdn.net/static/feednami/feednami-client-v1.1.js\"></script>\n</body>\n</html>"}