{"keepBindings":false,"listenersProperty":"listeners","ns":"newsreader.smartclient","suggestedFramework":"isc","title":"JUL News Reader - Isomorphic SmartClient","version":"1.1573236141820","template":"<!DOCTYPE html>\n<html>\n<head>\n<meta charset=\"UTF-8\" />\n<title>{project_title}</title>\n{polyfill_script}\n<link type=\"text/css\" href=\"../../assets/examples/{project_ns}.css?{ts}\" rel=\"stylesheet\" />\n<script type=\"text/javascript\">\nvar isomorphicDir=\"https://zonebuilder.github.io/jul/smartclient/isomorphic/\";\nvar isc_useSimpleNames = false;\n</script>\n<script type=\"text/javascript\" src=\"https://zonebuilder.github.io/jul/smartclient/isomorphic/system/modules/ISC_Core.js\"></script>\n<script type=\"text/javascript\" src=\"https://zonebuilder.github.io/jul/smartclient/isomorphic/system/modules/ISC_Foundation.js\"></script>\n<script type=\"text/javascript\" src=\"https://zonebuilder.github.io/jul/smartclient/isomorphic/system/modules/ISC_Containers.js\"></script>\n<script type=\"text/javascript\" src=\"https://zonebuilder.github.io/jul/smartclient/isomorphic/system/modules/ISC_Grids.js\"></script>\n<script type=\"text/javascript\" src=\"https://zonebuilder.github.io/jul/smartclient/isomorphic/system/modules/ISC_Forms.js\"></script>\n<script type=\"text/javascript\" src=\"https://zonebuilder.github.io/jul/smartclient/isomorphic/system/modules/ISC_DataBinding.js\"></script>\n<script type=\"text/javascript\" src=\"https://zonebuilder.github.io/jul/smartclient/isomorphic/skins/TreeFrog/load_skin.js\"></script>\n<script src=\"//ajax.googleapis.com/ajax/libs/jquery/1/jquery.min.js\"></script>\n{jul_script}\n{project_script}\n<script type=\"text/javascript\" src=\"../../assets/examples/{project_ns}.js?{ts}\"></script>\n</head>\n<body>\n<script type=\"text/javascript\">\nisc.setAutoDraw(false);\n{project_ns}.init();\n</script>\n<div id=\"gear\">Geared by <a target=\"_blank\" href=\"https://toolkit.sekando.com/docs/en/feednami\">Feednami</a></div>\n<script type=\"text/javascript\" src=\"https://static.sekandocdn.net/static/feednami/feednami-client-v1.1.js\"></script>\n</body>\n</html>"}