{"listenersProperty":"listeners","ns":"newsreader.smartclient","suggestedFramework":"isc","title":"JUL News Reader - Isomorphic SmartClient","version":"1.1461765625964","template":"<!DOCTYPE html>\n<html>\n<head>\n<meta http-equiv=\"Content-Type\" content=\"text/html; charset=UTF-8\" />\n<title>{project_title}</title>\n<link type=\"text/css\" href=\"../../assets/examples/{project_ns}.css\" rel=\"stylesheet\" />\n<script type=\"text/javascript\" src=\"//cdnjs.cloudflare.com/ajax/libs/json2/20140204/json2.min.js\"></script>\n<script type=\"text/javascript\">\nvar isomorphicDir=\"https://googledrive.com/host/0B9zLzpZ-06uFY1A2OG5Dd0k3TW8/smartclient/isomorphic/\";\nvar isc_useSimpleNames = false;\n</script>\n<script type=\"text/javascript\" src=\"https://googledrive.com/host/0B9zLzpZ-06uFY1A2OG5Dd0k3TW8/smartclient/isomorphic/system/modules/ISC_Core.js\"></script>\n<script type=\"text/javascript\" src=\"https://googledrive.com/host/0B9zLzpZ-06uFY1A2OG5Dd0k3TW8/smartclient/isomorphic/system/modules/ISC_Foundation.js\"></script>\n<script type=\"text/javascript\" src=\"https://googledrive.com/host/0B9zLzpZ-06uFY1A2OG5Dd0k3TW8/smartclient/isomorphic/system/modules/ISC_Containers.js\"></script>\n<script type=\"text/javascript\" src=\"https://googledrive.com/host/0B9zLzpZ-06uFY1A2OG5Dd0k3TW8/smartclient/isomorphic/system/modules/ISC_Grids.js\"></script>\n<script type=\"text/javascript\" src=\"https://googledrive.com/host/0B9zLzpZ-06uFY1A2OG5Dd0k3TW8/smartclient/isomorphic/system/modules/ISC_Forms.js\"></script>\n<script type=\"text/javascript\" src=\"https://googledrive.com/host/0B9zLzpZ-06uFY1A2OG5Dd0k3TW8/smartclient/isomorphic/system/modules/ISC_DataBinding.js\"></script>\n<script type=\"text/javascript\" src=\"https://googledrive.com/host/0B9zLzpZ-06uFY1A2OG5Dd0k3TW8/smartclient/isomorphic/skins/TreeFrog/load_skin.js\"></script>\n{jul_script}\n{project_script}\n<script type=\"text/javascript\" src=\"../../assets/examples/{project_ns}.js\"></script>\n<script type=\"text/javascript\" src=\"//www.google.com/jsapi\"></script>\n</head>\n<body>\n<script type=\"text/javascript\">\nisc.setAutoDraw(false);\n{project_ns}.init();\ngoogle.load('feeds', '1');\n</script>\n</body>\n</html>"}