{
	"keepBindings":false,
	"lastComponentId":1,
	"listenersProperty":"listeners",
	"noLogic":true,
	"ns":"newsreader.winjs",
	"suggestedFramework":"html.winjs",
	"title":"JUL News Reader - WinJS",
	"version":"1.1547818317617",
	"init":"=func: function () {\n\tvar oParser = new jul.ui.Parser(this.parserConfig);\n\toParser.create(this.ui, this.logic, document.body);\n}",
	"template":"<!doctype html>\n<html>\n<head>\n<meta http-equiv=\"Content-Type\" content=\"text/html; charset=UTF-8\" />\n<meta name=\"viewport\" content=\"width=device-width, initial-scale=1.0\" />\n<title>{project_title}</title>\n<link rel=\"stylesheet\" href=\"//cdnjs.cloudflare.com/ajax/libs/winjs/4.4.0/css/ui-light.min.css\" />\n<link rel=\"stylesheet\" href=\"../../assets/examples/{project_ns}.css?{ts}\" />\n<script type=\"text/javascript\" src=\"//cdnjs.cloudflare.com/ajax/libs/json2/20140204/json2.min.js\"></script>\n<script src=\"//cdnjs.cloudflare.com/ajax/libs/winjs/4.4.0/js/base.min.js\"></script>\n<script src=\"//cdnjs.cloudflare.com/ajax/libs/winjs/4.4.0/js/ui.min.js\"></script>\n<script src=\"//ajax.googleapis.com/ajax/libs/jquery/1/jquery.min.js\"></script>\n{jul_script}\n{project_script}\n<script type=\"text/javascript\" src=\"../../assets/examples/{project_ns}.js?{ts}\"></script>\n</head>\n<body class=\"win-type-body\">\n<script type=\"text/javascript\">\n{project_ns}.init();\nWinJS.UI.processAll();\n</script>\n<div id=\"gear\">Geared by <a target=\"_blank\" href=\"https://toolkit.sekando.com/docs/en/feednami\">Feednami</a></div>\n<script type=\"text/javascript\" src=\"https://static.sekandocdn.net/static/feednami/feednami-client-v1.1.js\"></script>\n</body>\n</html>",
	"parserConfig":{
		"classProperty":"xclass","defaultClass":"html","childrenProperty":"children","membersProperties":[],"idProperty":"id",
		"bindingProperty":"cid","useTags":true,"tagProperty":"tag","topDown":true,"parentProperty":"parent",
		"customFactory":"JUL.UI.createDom","membersMappings":{}
	},
	"ui":[
		{"xclass":"html","tag":"div","id":"content","children":[
			{"xclass":"html","tag":"div","data-win-control":"WinJS.UI.AppBar","data-win-options":{
				"placement":"top"
			},
			"children":[
				{"xclass":"html","tag":"button","data-win-control":"WinJS.UI.AppBarCommand","data-win-options":{
					"icon":"home","tooltip":"JUL News Reader"
				}},
				{"xclass":"html","tag":"div","data-win-control":"WinJS.UI.AppBarCommand","style":"width:630px","data-win-options":{
					"type":"content"
				},
				"children":[
					{"xclass":"html","tag":"h1","id":"caption","html":"JUL News Reader","style":"height:1em;line-height:1em;overflow:hidden"}
				]},
				{"xclass":"html","tag":"div","data-win-control":"WinJS.UI.AppBarCommand","data-win-options":{
					"type":"separator"
				}},
				{"xclass":"html","tag":"div","data-win-control":"WinJS.UI.AppBarCommand","style":"width:10px;padding-left:10px","data-win-options":{
					"type":"content"
				},
				"children":[
					{"xclass":"html","tag":"label","for":"input-address","html":"Address","style":"display:block;line-height:200%"}
				]},
				{"xclass":"html","tag":"div","data-win-control":"WinJS.UI.AppBarCommand",
				"style":"width:630px;padding-left:10px;padding-right:0","data-win-options":{
					"type":"content"
				},
				"children":[
					{"xclass":"html","tag":"input","id":"input-address","style":"width:100%",
					"value":"http://feeds.skynews.com/feeds/rss/technology.xml"}
				]},
				{"xclass":"html","tag":"div","data-win-control":"WinJS.UI.AppBarCommand","style":"width:10px;padding-left:10px","data-win-options":{
					"type":"content"
				},
				"children":[
					{"xclass":"html","tag":"button","id":"button-go","html":"Go","onclick":"newsreader.winjs.go()","title":"Get the news"}
				]}
			]},
			{"xclass":"html","tag":"div","data-win-control":"WinJS.UI.SplitView",
			"style":"position:relative;top:85px;width:100%;height:470px","children":[
				{"xclass":"html","tag":"div","id":"pivot-entries","data-win-control":"WinJS.UI.Pivot","style":"width:600px","children":[
					{"xclass":"html","tag":"div","data-win-control":"WinJS.UI.PivotItem","data-win-options":{
						"header":"Articles"
					},
					"children":[
						{"xclass":"html","tag":"div","id":"listview-articles","data-win-control":"WinJS.UI.ListView","data-win-options":{
							"layout":{
								"type":"=ref: WinJS.UI.ListLayout"
							}
						}}
					]},
					{"xclass":"html","tag":"div","data-win-control":"WinJS.UI.PivotItem","data-win-options":{
						"header":"Entry"
					},
					"children":[
						{"xclass":"html","tag":"div","id":"view-entry","data-layout":"main","data-role":"view","children":[
							{"xclass":"html","tag":"div","id":"article-title"},
							{"xclass":"html","tag":"div","id":"article-date"},
							{"xclass":"html","tag":"div","id":"article-image","children":[
								{"xclass":"html","tag":"img","id":"img-article","alt":"Get the news","width":"200"}
							]},
							{"xclass":"html","tag":"div","id":"article-content"}
						]}
					]}
				]},
				{"xclass":"html","tag":"div","id":"command-prev","data-win-control":"WinJS.UI.SplitViewCommand",
				"onclick":"newsreader.winjs.goNext(true)","data-win-options":{
					"label":"Previous"
				}},
				{"xclass":"html","tag":"div","id":"command-next","data-win-control":"WinJS.UI.SplitViewCommand",
				"onclick":"newsreader.winjs.goNext()","data-win-options":{
					"label":"Next"
				}}
			]}
		]},
		{"xclass":"html","tag":"div","id":"template-entry","data-win-control":"WinJS.Binding.Template","children":[
			{"xclass":"html","tag":"h4","data-win-bind":"innerHTML: title; className: id",
			"onclick":"newsreader.winjs.current=parseInt(this.className.substr(6));newsreader.winjs.onSelectArticle()",
			"style":"width:100%;cursor:pointer"}
		]}
	],
	"logic":{}
}