{"keepBindings":false,"listenersProperty":"listeners","ns":"newsreader.winjs","suggestedFramework":"html.winjs","title":"JUL News Reader - WinJS","version":"1.1547818317617","template":"<!doctype html>\n<html>\n<head>\n<meta http-equiv=\"Content-Type\" content=\"text/html; charset=UTF-8\" />\n<meta name=\"viewport\" content=\"width=device-width, initial-scale=1.0\" />\n<title>{project_title}</title>\n<link rel=\"stylesheet\" href=\"//cdnjs.cloudflare.com/ajax/libs/winjs/4.4.0/css/ui-light.min.css\" />\n<link rel=\"stylesheet\" href=\"../../assets/examples/{project_ns}.css?{ts}\" />\n<script type=\"text/javascript\" src=\"//cdnjs.cloudflare.com/ajax/libs/json2/20140204/json2.min.js\"></script>\n<script src=\"//cdnjs.cloudflare.com/ajax/libs/winjs/4.4.0/js/base.min.js\"></script>\n<script src=\"//cdnjs.cloudflare.com/ajax/libs/winjs/4.4.0/js/ui.min.js\"></script>\n<script src=\"//ajax.googleapis.com/ajax/libs/jquery/1/jquery.min.js\"></script>\n{jul_script}\n{project_script}\n<script type=\"text/javascript\" src=\"../../assets/examples/{project_ns}.js?{ts}\"></script>\n</head>\n<body class=\"win-type-body\">\n<script type=\"text/javascript\">\n{project_ns}.init();\nWinJS.UI.processAll();\n</script>\n<div id=\"gear\">Geared by <a target=\"_blank\" href=\"https://toolkit.sekando.com/docs/en/feednami\">Feednami</a></div>\n<script type=\"text/javascript\" src=\"https://static.sekandocdn.net/static/feednami/feednami-client-v1.1.js\"></script>\n</body>\n</html>"}