{"keepBindings":false,"listenersProperty":"listeners","ns":"newsreader.xul","suggestedFramework":"xul","title":"JUL News Reader - Ample SDK","version":"1.1547818686489","template":"<!DOCTYPE html>\n<html>\n<head>\n<meta http-equiv=\"Content-Type\" content=\"text/html; charset=UTF-8\" />\n<title>{project_title}</title>\n<link type=\"text/css\" href=\"https://zonebuilder.github.io/jul/ample-sdk/ample/languages/xhtml/themes/default/style-prod.css\" rel=\"stylesheet\" />\n<link type=\"text/css\" href=\"https://zonebuilder.github.io/jul/ample-sdk/ample/languages/xul/themes/default/style-prod.css\" rel=\"stylesheet\" />\n<link type=\"text/css\" href=\"../../assets/examples/{project_ns}.css?{ts}\" rel=\"stylesheet\" />\n<script type=\"text/javascript\" src=\"//cdnjs.cloudflare.com/ajax/libs/json2/20140204/json2.min.js\"></script>\n<script type=\"text/javascript\" src=\"https://zonebuilder.github.io/jul/ample-sdk/ample/runtime.js\"></script>\n<script type=\"text/javascript\" src=\"https://zonebuilder.github.io/jul/ample-sdk/ample/languages/xhtml/xhtml.js\"></script>\n<script type=\"text/javascript\" src=\"https://zonebuilder.github.io/jul/ample-sdk/ample/languages/xul/xul.js\"></script>\n<script src=\"//ajax.googleapis.com/ajax/libs/jquery/1/jquery.min.js\"></script>\n{jul_script}\n{project_script}\n<script type=\"text/javascript\" src=\"../../assets/examples/{project_ns}.js?{ts}\"></script>\n</head>\n<body>\n<script type=\"text/javascript\">\nample.$init();\n{project_ns}.init();\n</script>\n<div id=\"gear\">Geared by <a target=\"_blank\" href=\"https://toolkit.sekando.com/docs/en/feednami\">Feednami</a></div>\n<script type=\"text/javascript\" src=\"https://static.sekandocdn.net/static/feednami/feednami-client-v1.1.js\"></script>\n</body>\n</html>"}