{
	"lastComponentId":34,
	"listenersProperty":"listeners",
	"noLogic":false,
	"ns":"newsreader.xul",
	"suggestedFramework":"xul",
	"title":"JUL News Reader - Ample SDK",
	"version":"1.1461765674419",
	"init":"=func: function () {\r\n\tthis.parser = new JUL.UI.Parser(this.parserConfig);\r\n\tthis.wnd = this.parser.create(this.ui, this.logic);\r\n\tample.documentElement.appendChild(this.wnd);\r\n\tthis.wnd.show();\r\n}",
	"template":"<!DOCTYPE html>\n<html>\n<head>\n<meta http-equiv=\"Content-Type\" content=\"text/html; charset=UTF-8\" />\n<title>{project_title}</title>\n<link type=\"text/css\" href=\"https://googledrive.com/host/0B9zLzpZ-06uFY1A2OG5Dd0k3TW8/ample-sdk/ample/languages/xhtml/themes/default/style-prod.css\" rel=\"stylesheet\" />\n<link type=\"text/css\" href=\"https://googledrive.com/host/0B9zLzpZ-06uFY1A2OG5Dd0k3TW8/ample-sdk/ample/languages/xul/themes/default/style-prod.css\" rel=\"stylesheet\" />\n<link type=\"text/css\" href=\"../../assets/examples/{project_ns}.css\" rel=\"stylesheet\" />\n<script type=\"text/javascript\" src=\"//cdnjs.cloudflare.com/ajax/libs/json2/20140204/json2.min.js\"></script>\n<script type=\"text/javascript\" src=\"https://googledrive.com/host/0B9zLzpZ-06uFY1A2OG5Dd0k3TW8/ample-sdk/ample/runtime.js\"></script>\n<script type=\"text/javascript\" src=\"https://googledrive.com/host/0B9zLzpZ-06uFY1A2OG5Dd0k3TW8/ample-sdk/ample/languages/xhtml/xhtml.js\"></script>\n<script type=\"text/javascript\" src=\"https://googledrive.com/host/0B9zLzpZ-06uFY1A2OG5Dd0k3TW8/ample-sdk/ample/languages/xul/xul.js\"></script>\n{jul_script}\n{project_script}\n<script type=\"text/javascript\" src=\"../../assets/examples/{project_ns}.js\"></script>\n<script type=\"text/javascript\" src=\"//www.google.com/jsapi\"></script>\n</head>\n<body>\n<script type=\"text/javascript\">\nample.$init();\n{project_ns}.init();\ngoogle.load('feeds', '1');\n</script>\n</body>\n</html>",
	"parserConfig":{
		"classProperty":"xclass","defaultClass":"xul","childrenProperty":"children","membersProperties":[],"idProperty":"id",
		"bindingProperty":"cid","useTags":true,"tagProperty":"tag","topDown":true,"parentProperty":"parent",
		"customFactory":"JUL.UI.createDom"
	},
	"ui":{
		"xclass":"xul","tag":"window","id":"window-main","height":360,"hidden":true,"title":"JUL News Reader","width":720,"children":[
			{"xclass":"xul","tag":"toolbox","children":[
				{"xclass":"xul","tag":"menubar","children":[
					{"xclass":"xul","tag":"toolbargrippy"},
					{"xclass":"xul","tag":"menu","label":"File","children":[
						{"xclass":"xul","tag":"menupopup","children":[
							{"xclass":"xul","tag":"menuitem","id":"menuitem-exit","label":"Exit"}
						]}
					]},
					{"xclass":"xul","tag":"menu","label":"View","children":[
						{"xclass":"xul","tag":"menupopup","children":[
							{"xclass":"xul","tag":"menuitem","id":"menuitem-show-articles","checked":true,"label":"Show articles","type":"checkbox"}
						]}
					]},
					{"xclass":"xul","tag":"menu","label":"Options","children":[
						{"xclass":"xul","tag":"menupopup","children":[
							{"xclass":"xul","tag":"menuitem","id":"menuitem-autorefresh","label":"Autorefresh every minute","type":"checkbox"}
						]}
					]}
				]}
			]},
			{"xclass":"xul","tag":"hbox","children":[
				{"xclass":"xul","tag":"spacer","width":7},
				{"xclass":"xul","tag":"label","control":"textbox-url","value":"Address"},
				{"xclass":"xul","tag":"spacer","width":7},
				{"xclass":"xul","tag":"textbox","id":"textbox-url","flex":1,"value":"http://feeds.skynews.com/feeds/rss/technology.xml"},
				{"xclass":"xul","tag":"spacer","width":5},
				{"xclass":"xul","tag":"button","id":"button-go","label":"Go","tooltiptext":"Get the news","width":50}
			]},
			{"xclass":"xul","tag":"hbox","flex":1,"children":[
				{"xclass":"xul","tag":"vbox","id":"vbox-articles","width":260,"children":[
					{"xclass":"xul","tag":"listbox","id":"listbox-articles","flex":1,"children":[
						{"xclass":"xul","tag":"listhead","children":[
							{"xclass":"xul","tag":"listheader","label":"Article","width":500}
						]},
						{"xclass":"xul","tag":"listbody"}
					]}
				]},
				{"xclass":"xul","tag":"splitter"},
				{"xclass":"xul","tag":"vbox","width":"100%","children":[
					{"xclass":"xul","tag":"description","id":"description-title"},
					{"xclass":"xul","tag":"description","id":"description-date"},
					{"xclass":"xul","tag":"hbox","id":"hbox-image","hidden":true,"pack":"center","children":[
						{"xclass":"xul","tag":"image","id":"image-article","width":200}
					]},
					{"xclass":"xul","tag":"description","id":"description-content"}
				]}
			]}
		]
	},
	"logic":{
		"button-go":{
			"listeners":{
				"command":"=func: function () {\n\tnewsreader.xul.go();\n}"
			}
		},
		"listbox-articles":{
			"listeners":{
				"select":"=func: function (oEvent) {\n\tvar oNode = oEvent.target.querySelector('xul|listitem[selected=true]');\n\tnewsreader.xul.onSelectArticle(oNode ? oNode.getAttribute('id') : false);\n}"
			}
		},
		"menuitem-autorefresh":{
			"listeners":{
				"command":"=func: function () {\n\tvar bChecked = this.getAttribute('checked') === 'true';\n\tif (bChecked && !newsreader.xul.refreshTimer) {\n\t\tnewsreader.xul.refreshTimer = setInterval('newsreader.xul.go()', 60000);\n\t}\n\tif (!bChecked && newsreader.xul.refreshTimer) {\n\t\tclearInterval(newsreader.xul.refreshTimer);\n\t\tdelete newsreader.xul.refreshTimer;\n\t}\n}"
			}
		},
		"menuitem-exit":{
			"listeners":{
				"command":"=func: function () {\n\tnewsreader.xul.wnd.hide();\n}"
			}
		},
		"menuitem-show-articles":{
			"listeners":{
				"command":"=func: function () {\n\tvar bChecked = this.getAttribute('checked') === 'true';\n\tample.getElementById('vbox-articles').setAttribute('hidden', !bChecked);\n}"
			}
		},
		"textbox-url":{
			"listeners":{
				"keypress":"=func: function (oEvent) {\n\tif (oEvent.keyIdentifier === 'Enter') {\n\t\tnewsreader.xul.go();\n\t}\n}"
			}
		}
	}
}