{
	"ns":"JWL.components",
	"preferredFramework":"html",
	"title":"JWL Components",
	"version":"1.1470634933169",
	"init":"=func: function () {\n\tfor (var sItem in this.modules) {\n\t\tif (this.modules.hasOwnProperty(sItem)) {\n\t\t\tvar sNS = this.modules[sItem].ns;\n\t\t\tif (sNS.substr(0, 1) === '.') { sNS = this.ns + sNS; }\n\t\t\tvar oModule = JUL.get(sNS);\n\t\t\tif (!oModule) { continue; }\n\t\t\tvar oParser = new JUL.UI.Parser(oModule.parserConfig);\n\t\t\toParser.create(oModule.ui, oModule.logic);\n\t\t}\n\t}\n}",
	"modules":{
		"playerbar":{
			"ns":".playerbar","description":"General purpose player bar"
		},
		"jsonoptions":{
			"ns":".jsonoptions","description":"Options object stored as JSON"
		},
		"frameplayer":{
			"ns":".frameplayer","description":"A player that displays a sequence of pictures"
		},
		"svglogo":{
			"ns":"JWL.resources.svglogo","description":"SVG Logo"
		},
		"customTest":{
			"ns":"JWL.tests.custom","description":"Custom element test"
		},
		"wrapperTest":{
			"ns":"JWL.tests.wrapper","description":"Wrapper test"
		}
	},
	"defaultParser":{
		"classProperty":"xclass","defaultClass":"html","childrenProperty":"children","membersProperties":[],"idProperty":"id",
		"bindingProperty":"cid","useTags":true,"tagProperty":"tag","topDown":true,"parentProperty":"parent",
		"customFactory":"JUL.UI.createDom"
	},
	"template":"<!DOCTYPE html>\n<html>\n<head>\n<meta http-equiv=\"Content-Type\" content=\"text/html; charset=UTF-8\" />\n<meta name=\"viewport\" content=\"width=device-width, initial-scale=1\" />\n<title>{app_title}</title>\n<link rel=\"stylesheet\" type=\"text/css\" href=\"../../assets/examples/lib/faws/css/font-awesome.min.css?{ts}\" />\n<link rel=\"stylesheet\" type=\"text/css\" href=\"../../assets/examples/lib/jwl/css/playerbar.css?{ts}\" />\n<link rel=\"stylesheet\" type=\"text/css\" href=\"../../assets/examples/lib/jwl/css/jsonoptions.css?{ts}\" />\n<link rel=\"stylesheet\" type=\"text/css\" href=\"../../assets/examples/lib/jwl/css/frameplayer.css?{ts}\" />\n<style type=\"text/css\">\nbody {\n\tfont-family: helvetica, sans-serif;\n\tfont-size: 13px;\n\tcolor: #111;\n\tbackground-color: #f2f2f2;\n}\npre {\n\tmargin: 0;\n\tpadding: 0;\n\tmax-width: 430px;\n\tmax-height: 300px;\n\toverflow: auto;\n}\n#content {\n\twidth: 880px;\n\tmargin: 0 auto;\n}\n#list {\n\tborder-collapse: separate;\n\tborder-spacing: 15px 0;\n}\n#copy {\n\tfont-size: small;\n\ttext-align: center;\n}\n</style>\n<script type=\"text/javascript\" src=\"https://cdnjs.cloudflare.com/ajax/libs/webcomponentsjs/0.7.22/webcomponents.min.js\"></script>\n{jul_script}\n{modules_scripts}\n<script type=\"text/javascript\" src=\"../../assets/examples/lib/jwl/js/jwl.js?{ts}\"></script>\n<script type=\"text/javascript\" src=\"../../assets/examples/lib/jwl/js/jwl-data.js?{ts}\"></script>\n</head>\n<body>\n<div id=\"content\">\n<h1>JWL Components Demo</h1>\n<p>These are two ways of using JWL components: with custom HTML elements (web components W3C standard),\nor with element wrappers. The element wrappers expose the standard DOM properties and methods of the element,\nbut can augment them the same way as the custom elements do.\n</p>\n<p>The required code for both use cases is pretty similar, as you can see below.\n</p>\n<table id=\"list\">\n<tbody>\n<tr>\n<td><h3>JWL + Custom elements</h3></td>\n<td><h3>JWL + JWL.makeClass()</h3></td>\n</tr>\n<tr>\n<td id=\"custom-player\"></td>\n<td id=\"class-player\"></td>\n</tr>\n<tr>\n<td><h3>Parser configuration</h3></td>\n<td><h3>Parser configuration</h3></td>\n</tr>\n<tr>\n<td><pre id=\"custom-parser\"></pre></td>\n<td><pre id=\"class-parser\"></pre></td>\n</tr>\n<tr>\n<td><h3>Interface configuration</h3></td>\n<td><h3>Interface configuration</h3></td>\n</tr>\n<tr>\n<td><pre id=\"custom-interface\"></pre></td>\n<td><pre id=\"class-interface\"></pre></td>\n</tr>\n<tr>\n<td><h3>Component creation</h3></td>\n<td><h3>Component creation</h3></td>\n</tr>\n<tr>\n<td><pre id=\"custom-component\"></pre></td>\n<td><pre id=\"class-component\"></pre></td>\n</tr>\n</tbody>\n</table>\n<p id=\"copy\">Copyright &copy; 2016 <a target=\"_blank\" href=\"http://www.google.com/search?hl=en&num=50&start=0&safe=0&filter=0&nfpr=1&q=The+Zonebuilder+web+development+programming+IT+society+philosophy+politics\">The Zonebuilder</a>\n</div>\n<script type=\"text/javascript\">\ndocument.getElementById('custom-parser').innerHTML = 'JWL.tests.custom.parserConfig = ' +\n\tJUL.UI.obj2str(JWL.tests.custom.parserConfig) + ';\\n';\ndocument.getElementById('class-parser').innerHTML = 'JWL.tests.wrapper.parserConfig = ' +\n\tJUL.UI.obj2str(JWL.tests.wrapper.parserConfig) + ';\\n';\ndocument.getElementById('custom-interface').innerHTML = 'JWL.tests.custom.ui = ' +\n\tJUL.UI.obj2str(JWL.tests.custom.ui) + ';\\n\\n' +\n\t'JWL.tests.custom.logic = ' + JUL.UI.obj2str(JWL.tests.custom.logic) + ';\\n';\ndocument.getElementById('class-interface').innerHTML = 'JWL.tests.wrapper.ui = ' +\n\tJUL.UI.obj2str(JWL.tests.wrapper.ui) + ';\\n\\n' +\n\t'JWL.tests.wrapper.logic = ' + JUL.UI.obj2str(JWL.tests.wrapper.logic) + ';\\n';\ndocument.getElementById('custom-component').innerHTML = \"JWL.register('frameplayer');\\n\" +\n\t\"var oParser = new JUL.UI.Parser(JWL.tests.custom.parserConfig);\\n\" +\n\t\"oParser.create(JWL.tests.custom.ui, JWL.tests.custom.logic, document.body);\\n\";\ndocument.getElementById('class-component').innerHTML = \"// no registering needed \\n\" +\n\t\"var oParser = new JUL.UI.Parser(JWL.tests.wrapper.parserConfig);\\n\" +\n\t\"oParser.create(JWL.tests.wrapper.ui, JWL.tests.wrapper.logic, document.body);\\n\";\nAPP = {\n\tcustomParser: new JUL.UI.Parser(JWL.tests.custom.parserConfig),\n\tclassParser: new JUL.UI.Parser(JWL.tests.wrapper.parserConfig)\n};\ntry {\n\tJWL.register('frameplayer');\n\tAPP.customParser.create(JWL.tests.custom.ui, JWL.tests.custom.logic, document.getElementById('custom-player'));\n}\ncatch (e) {\n\tdocument.getElementById('custom-player').innerHTML = 'This browser doesn\\'t support custom HTML elements.';\n}\nAPP.classParser.create(JWL.tests.wrapper.ui, JWL.tests.wrapper.logic, document.getElementById('class-player'));\n</script>\n</body>\n</html>"
}