{"keepBindings":false,"listenersProperty":"listeners","ns":"newsreader.vuetify.articles","suggestedFramework":"html.vuetify.template","title":"JUL News Reader - Vuetify - Articles","version":"1.1572507510248","template":"<!DOCTYPE html>\n<html>\n<head>\n  <meta charset=\"UTF-8\">\n  <meta name=\"viewport\" content=\"width=device-width,initial-scale=1\">\n  <meta name=\"mobile-web-app-capable\" content=\"yes\">\n  <meta name=\"description\" content=\"{project_title}\">\n  <meta name=\"theme-color\" content=\"#fff\">\n  <title>{project_title}</title>\n  <link href=\"https://fonts.googleapis.com/css?family=Roboto:100,300,400,500,700,900\" rel=\"stylesheet\">\n  <link href=\"https://cdn.jsdelivr.net/npm/@mdi/font@4.x/css/materialdesignicons.min.css\" rel=\"stylesheet\">\n  <link href=\"https://cdn.jsdelivr.net/npm/vuetify@2.1.x/dist/vuetify.min.css\" rel=\"stylesheet\">\n  <link rel=\"stylesheet\" href=\"../../assets/examples/newsreader.vuetify/static/page.css?{ts}\" type=\"text/css\" />\n  {jul_script}\n  {project_script}\n</head>\n<body>\n  <div id=\"app\">\n  </div>\n\n  <script src=\"https://cdn.jsdelivr.net/npm/vue@2.x/dist/vue.js\"></script>\n  <script src=\"https://cdn.jsdelivr.net/npm/vuetify@2.1.x/dist/vuetify.js\"></script>\n  <script>\n    {project_ns}.init();\n\tJUL._vueApp = new Vue({\n      el: '#app',\n      vuetify: new Vuetify(),\n          data: function () {\n    return {\n      clipped: false,\n      drawer: false,\n      title: 'JUL News Reader',\n  address: 'http://feeds.skynews.com/feeds/rss/technology.xml',\n  entries: [\n    {id: 'entry-0', title: 'Get the news'}\n  ]\n    };\n\t      },\n      methods: {\n  onGo: function () { window.alert('Implemented in the Node project'); },\n  onArticleClick: function (id) { window.alert(id + ' - implemented in the Node project'); }\n}\n\t});\n  </script>\n<div id=\"gear\">This project edits visually a VueJS component template. For more info, click \n<a target=\"_test_app\" href=\"../../index.php/main/manage?type=app&operation=test&ns=newsreader.vuetify&ts={ts}\">here</a>.\n</div>\n</body>\n</html>"}