{
	"keepBindings":false,
	"lastComponentId":1,
	"listenersProperty":"listeners",
	"noLogic":true,
	"ns":"newsreader.vuetify.entry",
	"suggestedFramework":"html.vuetify.template",
	"title":"JUL News Reader - Vuetify - Entry",
	"version":"1.1573227291893",
	"init":"=func: function () {\n\tvar oUI = {\n\t\ttag: 'v-app',\n\t\tchildren: [\n\t\t\t{tag: 'v-navigation-drawer', app: true, fixed: true, 'v-bind:clipped': 'clipped',\n\t\t\t 'v-model': 'drawer'},\n\t\t\t{tag: 'v-app-bar', app: true, fixed: true, 'v-bind:clipped-left': 'clipped', children: [\n\t\t\t\t{tag: 'v-app-bar-nav-icon', 'v-on:click': 'drawer = !drawer'},\n\t\t\t\t{tag: 'v-toolbar-title', style: 'width:100%;text-align:center', 'v-text': 'title'}\n\t\t\t]},\n\t\t\t{tag: 'v-content', children: [\n\t\t\t\t{tag: 'v-container', children: this.ui}\n\t\t\t]}\n\t\t]\n\t};\n\tvar oParser = new JUL.UI.Parser(this.parserConfig);\n\toParser.create(oUI, this.logic, document.getElementById('app'));\n}",
	"template":"<!DOCTYPE html>\n<html>\n<head>\n  <meta charset=\"UTF-8\">\n  <title>{project_title}</title>\n  {polyfill_script}\n  <meta name=\"viewport\" content=\"width=device-width,initial-scale=1\">\n  <meta name=\"mobile-web-app-capable\" content=\"yes\">\n  <meta name=\"description\" content=\"{project_title}\">\n  <meta name=\"theme-color\" content=\"#fff\">\n  <link href=\"https://fonts.googleapis.com/css?family=Roboto:100,300,400,500,700,900\" rel=\"stylesheet\">\n  <link href=\"https://cdn.jsdelivr.net/npm/@mdi/font@4.x/css/materialdesignicons.min.css\" rel=\"stylesheet\">\n  <link href=\"https://cdn.jsdelivr.net/npm/vuetify@2.1.x/dist/vuetify.min.css\" rel=\"stylesheet\">\n  <link rel=\"stylesheet\" href=\"../../assets/examples/newsreader.vuetify/static/page.css?{ts}\" type=\"text/css\" />\n  {jul_script}\n  {project_script}\n</head>\n<body>\n  <div id=\"app\">\n  </div>\n\n  <script src=\"https://cdn.jsdelivr.net/npm/vue@2.x/dist/vue.js\"></script>\n  <script src=\"https://cdn.jsdelivr.net/npm/vuetify@2.1.x/dist/vuetify.js\"></script>\n  <script>\n    {project_ns}.init();\n\tJUL._vueApp = new Vue({\n      el: '#app',\n      vuetify: new Vuetify(),\n          data: function () {\n    return {\n      clipped: false,\n      drawer: false,\n  title: 'JUL News Reader',\n  entry: {\n    title: 'Article title',\n    link: 'https://news.sky.com/',\n    thumbnail: 'https://news.sky.com/resources/sky-news-logo.png',\n    pubDate: (new Date()).toLocaleString(),\n    content: 'Article content/description'\n  }\n    };\n\t      }\n\t});\n  </script>\n<div id=\"gear\">This project edits visually a VueJS component template. For more info, click \n<a target=\"_test_app\" href=\"../../index.php/main/manage?type=app&operation=test&ns=newsreader.vuetify&ts={ts}\">here</a>.\n</div>\n</body>\n</html>",
	"parserConfig":{
		"classProperty":"xclass","defaultClass":"html","childrenProperty":"children","membersProperties":[],"membersMappings":{},
		"idProperty":"id","bindingProperty":"cid","useTags":true,"tagProperty":"tag","topDown":true,
		"customFactory":"=func: function (oConfig) {\n\tif (this._keepInstance && !oConfig.ref) {\n\t\tJUL._vueCounter = JUL._vueCounter || 0;\n\t\toConfig.ref = 'r' + (++JUL._vueCounter);\n\t}\n\treturn this.createDom(oConfig);\n}","_otherProperties":{
			"booleanAttrs":true
		}
	},
	"ui":{
		"xclass":"html","tag":"v-container","fluid":true,"children":[
			{"xclass":"html","tag":"v-row","children":[
				{"xclass":"html","tag":"v-col","cols":12,"style":"text-align:center","children":[
					{"xclass":"html","tag":"h2","children":[
						{"xclass":"html","tag":"a","html":"{{ entry.title }}","target":"_blank","v-bind:href":"entry.link"}
					]},
					{"xclass":"html","tag":"p","html":"{{ entry.pubDate }}"},
					{"xclass":"html","tag":"div","children":[
						{"xclass":"html","tag":"img","style":"max-width:300px","v-bind:src":"entry.thumbnail","width":"50%"}
					]}
				]}
			]},
			{"xclass":"html","tag":"v-row","children":[
				{"xclass":"html","tag":"v-col","cols":12,"children":[
					{"xclass":"html","tag":"p","html":"{{ entry.content }}"}
				]}
			]}
		]
	},
	"logic":{}
}