{"keepBindings":false,"listenersProperty":"listeners","ns":"newsreader.vuetify.layout","suggestedFramework":"html.vuetify.template","title":"JUL News Reader - Vuetify - Layout","version":"1.1573227507858","template":"<!DOCTYPE html>\n<html>\n<head>\n  <meta charset=\"UTF-8\">\n  <title>{project_title}</title>\n  {polyfill_script}\n  <meta name=\"viewport\" content=\"width=device-width,initial-scale=1\">\n  <meta name=\"mobile-web-app-capable\" content=\"yes\">\n  <meta name=\"description\" content=\"{project_title}\">\n  <meta name=\"theme-color\" content=\"#fff\">\n  <link href=\"https://fonts.googleapis.com/css?family=Roboto:100,300,400,500,700,900\" rel=\"stylesheet\">\n  <link href=\"https://cdn.jsdelivr.net/npm/@mdi/font@4.x/css/materialdesignicons.min.css\" rel=\"stylesheet\">\n  <link href=\"https://cdn.jsdelivr.net/npm/vuetify@2.1.x/dist/vuetify.min.css\" rel=\"stylesheet\">\n  <link rel=\"stylesheet\" href=\"../../assets/examples/newsreader.vuetify/static/page.css?{ts}\" type=\"text/css\" />\n  {jul_script}\n  {project_script}\n</head>\n<body>\n  <div id=\"app\">\n  </div>\n\n  <script src=\"https://cdn.jsdelivr.net/npm/vue@2.x/dist/vue.js\"></script>\n  <script src=\"https://cdn.jsdelivr.net/npm/vuetify@2.1.x/dist/vuetify.js\"></script>\n  <script>\n    {project_ns}.init();\n\tJUL._vueApp = new Vue({\n      el: '#app',\n      vuetify: new Vuetify(),\n          data: function () {\n    return {\n      clipped: false,\n      drawer: false,\n      fixed: false,\n      items: [\n        {\n          icon: 'mdi-format-list-bulleted',\n          title: 'ARTICLES',\n          to: '/'\n        },\n        {\n          icon: 'mdi-account-card-details',\n          title: 'ENTRY',\n          to: '/entry'\n        }\n      ],\n      miniVariant: false,\n      title: 'JUL News Reader'\n    };\n\t      },\n      methods: {\n  onNavigate: function (p) { window.alert(p + ' - implemented in the Node project'); }\n}\n\t});\n  </script>\n<div id=\"gear\">This project edits visually a VueJS component template. For more info, click \n<a target=\"_test_app\" href=\"../../index.php/main/manage?type=app&operation=test&ns=newsreader.vuetify&ts={ts}\">here</a>.\n</div>\n</body>\n</html>"}