{
	"keepBindings":false,
	"lastComponentId":1,
	"listenersProperty":"listeners",
	"noLogic":true,
	"ns":"newsreader.vuetify.layout",
	"suggestedFramework":"html.vuetify.template",
	"title":"JUL News Reader - Vuetify - Layout",
	"version":"1.1573227507858",
	"init":"=func: function () {\n\tvar oParser = new JUL.UI.Parser(this.parserConfig);\n\toParser.create(this.ui, this.logic, document.getElementById('app'));\n}",
	"template":"<!DOCTYPE html>\n<html>\n<head>\n  <meta charset=\"UTF-8\">\n  <title>{project_title}</title>\n  {polyfill_script}\n  <meta name=\"viewport\" content=\"width=device-width,initial-scale=1\">\n  <meta name=\"mobile-web-app-capable\" content=\"yes\">\n  <meta name=\"description\" content=\"{project_title}\">\n  <meta name=\"theme-color\" content=\"#fff\">\n  <link href=\"https://fonts.googleapis.com/css?family=Roboto:100,300,400,500,700,900\" rel=\"stylesheet\">\n  <link href=\"https://cdn.jsdelivr.net/npm/@mdi/font@4.x/css/materialdesignicons.min.css\" rel=\"stylesheet\">\n  <link href=\"https://cdn.jsdelivr.net/npm/vuetify@2.1.x/dist/vuetify.min.css\" rel=\"stylesheet\">\n  <link rel=\"stylesheet\" href=\"../../assets/examples/newsreader.vuetify/static/page.css?{ts}\" type=\"text/css\" />\n  {jul_script}\n  {project_script}\n</head>\n<body>\n  <div id=\"app\">\n  </div>\n\n  <script src=\"https://cdn.jsdelivr.net/npm/vue@2.x/dist/vue.js\"></script>\n  <script src=\"https://cdn.jsdelivr.net/npm/vuetify@2.1.x/dist/vuetify.js\"></script>\n  <script>\n    {project_ns}.init();\n\tJUL._vueApp = new Vue({\n      el: '#app',\n      vuetify: new Vuetify(),\n          data: function () {\n    return {\n      clipped: false,\n      drawer: false,\n      fixed: false,\n      items: [\n        {\n          icon: 'mdi-format-list-bulleted',\n          title: 'ARTICLES',\n          to: '/'\n        },\n        {\n          icon: 'mdi-account-card-details',\n          title: 'ENTRY',\n          to: '/entry'\n        }\n      ],\n      miniVariant: false,\n      title: 'JUL News Reader'\n    };\n\t      },\n      methods: {\n  onNavigate: function (p) { window.alert(p + ' - implemented in the Node project'); }\n}\n\t});\n  </script>\n<div id=\"gear\">This project edits visually a VueJS component template. For more info, click \n<a target=\"_test_app\" href=\"../../index.php/main/manage?type=app&operation=test&ns=newsreader.vuetify&ts={ts}\">here</a>.\n</div>\n</body>\n</html>",
	"parserConfig":{
		"classProperty":"xclass","defaultClass":"html","childrenProperty":"children","membersProperties":[],"membersMappings":{},
		"idProperty":"id","bindingProperty":"cid","useTags":true,"tagProperty":"tag","topDown":true,
		"customFactory":"=func: function (oConfig) {\n\tif (this._keepInstance && !oConfig.ref) {\n\t\tJUL._vueCounter = JUL._vueCounter || 0;\n\t\toConfig.ref = 'r' + (++JUL._vueCounter);\n\t}\n\treturn this.createDom(oConfig);\n}","_otherProperties":{
			"booleanAttrs":true
		}
	},
	"ui":{
		"xclass":"html","tag":"v-app","children":[
			{"xclass":"html","tag":"v-navigation-drawer","app":true,"fixed":true,"v-bind:clipped":"clipped",
			"v-bind:mini-variant":"miniVariant","v-model":"drawer","children":[
				{"xclass":"html","tag":"v-list","children":[
					{"xclass":"html","tag":"v-list-item","exact":true,"router":true,"v-bind:key":"i","v-bind:to":"item.to",
					"v-for":"(item, i) in items","children":[
						{"xclass":"html","tag":"v-list-item-action","children":[
							{"xclass":"html","tag":"v-icon","html":"{{ item.icon }}"}
						]},
						{"xclass":"html","tag":"v-list-item-content","children":[
							{"xclass":"html","tag":"v-list-item-title","v-text":"item.title"}
						]}
					]}
				]}
			]},
			{"xclass":"html","tag":"v-app-bar","app":true,"fixed":true,"v-bind:clipped-left":"clipped","children":[
				{"xclass":"html","tag":"v-app-bar-nav-icon","v-on:click":"drawer = !drawer"},
				{"xclass":"html","tag":"v-toolbar-title","style":"width:100%;text-align:center","v-text":"title"},
				{"xclass":"html","tag":"v-btn","css":"ma-2","html":"Next","outlined":true,"v-on:click":"onNavigate('next')","children":[
					{"xclass":"html","tag":"v-icon","html":"mdi-arrow-right","right":true}
				]},
				{"xclass":"html","tag":"v-btn","css":"ma-2","html":"Prev","outlined":true,"v-on:click":"onNavigate('prev')","children":[
					{"xclass":"html","tag":"v-icon","html":"mdi-arrow-left","right":true}
				]},
				{"xclass":"html","tag":"v-btn","css":"ma-2","html":"Home","outlined":true,"v-on:click":"onNavigate('home')","children":[
					{"xclass":"html","tag":"v-icon","html":"mdi-home","right":true}
				]}
			]},
			{"xclass":"html","tag":"v-content","children":[
				{"xclass":"html","tag":"nuxt"}
			]}
		]
	},
	"logic":{}
}