{
	"keepBindings":false,
	"lastComponentId":1,
	"listenersProperty":"listeners",
	"noLogic":true,
	"ns":"newsreader.quasar.articles",
	"suggestedFramework":"html.quasar.template",
	"title":"JUL News Reader - Quasar - Articles",
	"version":"1.1569400666816",
	"init":"=func: function () {\n\tvar oUI = {\n\t\ttag: 'q-layout',\n\t\tview: 'lHh Lpr lFf',\n\t\tchildren: [\n\t\t\t{tag: 'q-header', elevated: true, children: [\n\t\t\t\t{tag: 'q-toolbar', children: [\n\t\t\t\t\t{tag: 'q-btn', 'aria-label': 'Menu', dense: true, flat: true, round: true, 'v-on:click': 'onMenuClick()', children: [\n\t\t\t\t\t\t{tag: 'q-icon', name: 'menu'}\n\t\t\t\t\t]},\n\t\t\t\t\t{tag: 'q-toolbar-title', css: 'absolute-center', html: '{{title}}'}\n\t\t\t\t]}\n\t\t\t]},\n\t\t\t{tag: 'q-page-container', children: [\n\t\t\t\t{tag: 'q-page', include: this.ui}\n\t\t\t]}\n\t\t]\n\t};\n\tvar oParser = new JUL.UI.Parser(this.parserConfig);\n\tvar oRoot = oParser.create(oUI, this.logic, document.getElementById('q-app'));\n}",
	"template":"<!DOCTYPE html>\n<html>\n<head>\n    <meta charset=\"utf-8\">\n   <meta name=\"description\" content=\"{project_title}\">\n    <meta name=\"format-detection\" content=\"telephone=no\">\n    <meta name=\"msapplication-tap-highlight\" content=\"no\">\n    <meta name=\"viewport\" content=\"user-scalable=no, initial-scale=1, maximum-scale=1, minimum-scale=1, width=device-width\">\n    <title>{project_title}</title>\n  <link href=\"https://fonts.googleapis.com/css?family=Roboto:100,300,400,500,700,900|Material+Icons\" rel=\"stylesheet\" type=\"text/css\">\n  <link href=\"https://use.fontawesome.com/releases/v5.0.13/css/all.css\" rel=\"stylesheet\">\n  <link href=\"https://cdn.jsdelivr.net/npm/ionicons@^4.0.0/dist/css/ionicons.min.css\" rel=\"stylesheet\">\n  <link href=\"https://cdn.jsdelivr.net/npm/@mdi/font@^3.0.0/css/materialdesignicons.min.css\" rel=\"stylesheet\">\n  <link href=\"https://cdn.jsdelivr.net/npm/animate.css@^3.5.2/animate.min.css\" rel=\"stylesheet\">\n  <link href=\"https://cdn.jsdelivr.net/npm/quasar@^1.0.3/dist/quasar.min.css\" rel=\"stylesheet\" type=\"text/css\">\n<link rel=\"stylesheet\" href=\"../../assets/examples/newsreader.quasar/src/statics/page.css?{ts}\" type=\"text/css\" />\n  {jul_script}\n  {project_script}\n</head>\n<body>\n  <div id=\"q-app\"></div>\n  <script src=\"https://cdn.jsdelivr.net/npm/vue@2.x/dist/vue.min.js\"></script>\n  <script src=\"https://cdn.jsdelivr.net/npm/quasar@^1.0.3/dist/quasar.umd.min.js\"></script>\n  <script src=\"https://cdn.jsdelivr.net/npm/quasar@^1.0.3/dist/icon-set/fontawesome-v5.umd.min.js\"></script>\n  <script>\n    {project_ns}.init();\n    Quasar.iconSet.set(Quasar.iconSet.fontawesomeV5);\n    JUL._vueApp = new Vue({\n      el: '#q-app',\n      data: function () {\n        return {\n  title: 'JUL News Reader',\n  address: 'http://feeds.skynews.com/feeds/rss/technology.xml',\n  entries: [\n    {id: 'entry-0', title: 'Get the news'}\n  ]\n        }\n      },\n      methods: {\n  onGo: function () { window.alert('Implemented in the Node project'); },\n  onArticleClick: function (id) { window.alert(id + ' - implemented in the Node project'); }\n}\n    });\n  </script>\n<div id=\"gear\">This project edits visually a VueJS component template. For more info, click \n<a target=\"_test_app\" href=\"../../index.php/main/manage?type=app&operation=test&ns=newsreader.quasar&ts={ts}\">here</a>.\n</div>\n</body>\n</html>",
	"parserConfig":{
		"classProperty":"xclass","defaultClass":"html","childrenProperty":"children","membersProperties":[],"membersMappings":{},
		"idProperty":"id","bindingProperty":"cid","useTags":true,"tagProperty":"tag","topDown":true,
		"customFactory":"=func: function (oConfig) {\n\tif (this._keepInstance) {\n\t\tJUL._vueCounter = JUL._vueCounter || 0;\n\t\toConfig.ref = 'r' + (++JUL._vueCounter);\n\t}\n\treturn this.createDom(oConfig);\n}","_otherProperties":{
			"booleanAttrs":true
		}
	},
	"ui":{
		"xclass":"html","tag":"q-page","children":[
			{"xclass":"html","tag":"q-card","children":[
				{"xclass":"html","tag":"q-card-section","css":"row","children":[
					{"xclass":"html","tag":"q-chip","html":"Address"},
					{"xclass":"html","tag":"q-input","dense":true,"style":"width:75%","v-model":"address","v-on:keypress.enter":"onGo()"},
					{"xclass":"html","tag":"q-btn","label":"Go","v-on:click":"onGo()"}
				]},
				{"xclass":"html","tag":"q-card-section","children":[
					{"xclass":"html","tag":"q-list","bordered":true,"children":[
						{"xclass":"html","tag":"q-item",":key":"entry.id","clickable":true,"v-for":"entry in entries",
						"v-on:click":"onArticleClick(entry.id)","v-ripple":true,"children":[
							{"xclass":"html","tag":"q-item-section","children":[
								{"xclass":"html","tag":"h5","html":"{{entry.title}}","style":"margin:0;padding:0"}
							]}
						]}
					]}
				]}
			]}
		]
	},
	"logic":{}
}