{"keepBindings":false,"listenersProperty":"listeners","ns":"newsreader.quasar.entry","suggestedFramework":"html.quasar.template","title":"JUL News Reader - Quasar - Entry","version":"1.1569401845714","template":"<!DOCTYPE html>\n<html>\n<head>\n    <meta charset=\"utf-8\">\n   <meta name=\"description\" content=\"{project_title}\">\n    <meta name=\"format-detection\" content=\"telephone=no\">\n    <meta name=\"msapplication-tap-highlight\" content=\"no\">\n    <meta name=\"viewport\" content=\"user-scalable=no, initial-scale=1, maximum-scale=1, minimum-scale=1, width=device-width\">\n    <title>{project_title}</title>\n  <link href=\"https://fonts.googleapis.com/css?family=Roboto:100,300,400,500,700,900|Material+Icons\" rel=\"stylesheet\" type=\"text/css\">\n  <link href=\"https://use.fontawesome.com/releases/v5.0.13/css/all.css\" rel=\"stylesheet\">\n  <link href=\"https://cdn.jsdelivr.net/npm/ionicons@^4.0.0/dist/css/ionicons.min.css\" rel=\"stylesheet\">\n  <link href=\"https://cdn.jsdelivr.net/npm/@mdi/font@^3.0.0/css/materialdesignicons.min.css\" rel=\"stylesheet\">\n  <link href=\"https://cdn.jsdelivr.net/npm/animate.css@^3.5.2/animate.min.css\" rel=\"stylesheet\">\n  <link href=\"https://cdn.jsdelivr.net/npm/quasar@^1.0.3/dist/quasar.min.css\" rel=\"stylesheet\" type=\"text/css\">\n<link rel=\"stylesheet\" href=\"../../assets/examples/newsreader.quasar/src/statics/page.css?{ts}\" type=\"text/css\" />\n  {jul_script}\n  {project_script}\n</head>\n<body>\n  <div id=\"q-app\"></div>\n  <script src=\"https://cdn.jsdelivr.net/npm/vue@2.x/dist/vue.min.js\"></script>\n  <script src=\"https://cdn.jsdelivr.net/npm/quasar@^1.0.3/dist/quasar.umd.min.js\"></script>\n  <script src=\"https://cdn.jsdelivr.net/npm/quasar@^1.0.3/dist/icon-set/fontawesome-v5.umd.min.js\"></script>\n  <script>\n    {project_ns}.init();\n    Quasar.iconSet.set(Quasar.iconSet.fontawesomeV5);\n    JUL._vueApp = new Vue({\n      el: '#q-app',\n      data: function () {\n        return {\n  title: 'JUL News Reader',\n  entry: {\n    title: 'Article title',\n    link: 'https://news.sky.com/',\n    thumbnail: 'https://news.sky.com/resources/sky-news-logo.png',\n    pubDate: (new Date()).toLocaleString(),\n    content: 'Article content/description'\n  }\n        }\n      },\n      methods: {\n}\n    });\n  </script>\n<div id=\"gear\">This project edits visually a VueJS component template. For more info, click \n<a target=\"_test_app\" href=\"../../index.php/main/manage?type=app&operation=test&ns=newsreader.quasar&ts={ts}\">here</a>.\n</div>\n</body>\n</html>"}