{"keepBindings":false,"listenersProperty":"listeners","ns":"JWL.resources.svglogo","suggestedFramework":"html","title":"JWL Components - SVG Logo","version":"1.1543503500114","template":"<!DOCTYPE html>\n<html>\n<head>\n\t<meta http-equiv=\"Content-Type\" content=\"text/html; charset=UTF-8\" />\n\t<title>{project_title}</title>\n\t<!-- Custom includes -->\n\t{jul_script}\n\t{project_script}\n\t<script type=\"text/javascript\">\n\t// chnge as needed\n\twindow.onload = function() {\n\t\t// create UI\n\t\t{project_ns}.init();\n\t};\n\t</script>\n</head>\n<body>\n\t<!-- Custom body -->\n</body>\n</html>\n"}