{
	"lastComponentId":2,
	"listenersProperty":"listeners",
	"noLogic":false,
	"ns":"JUL.Comments.browse",
	"suggestedFramework":"xul",
	"title":"JUL Comment System - Browse dialog",
	"version":"0.1446312359038",
	"init":"function () {\n\tthis.parser = new JUL.UI.Parser(this.parserConfig);\n\tthis.dialog = this.parser.create(this.ui, this.logic);\n\tif (this.dialog) {\n\t\tample.documentElement.appendChild(this.dialog);\n\t\tthis.dialog.showModal();\n\t}\n}",
	"template":"<!DOCTYPE html>\n<html>\n<head>\n<meta http-equiv=\"Content-Type\" content=\"text/html; charset=UTF-8\" />\n<title>{project_title}</title>\n<link type=\"text/css\" href=\"https://googledrive.com/host/0B9zLzpZ-06uFY1A2OG5Dd0k3TW8/ample-sdk/ample/languages/xhtml/themes/default/style-prod.css\" rel=\"stylesheet\" />\n<link type=\"text/css\" href=\"https://googledrive.com/host/0B9zLzpZ-06uFY1A2OG5Dd0k3TW8/ample-sdk/ample/languages/xul/themes/default/style-prod.css\" rel=\"stylesheet\" />\n<link type=\"text/css\" href=\"../../assets/examples/jcs/main.css\" rel=\"stylesheet\" />\n<link type=\"text/css\" href=\"../../assets/examples/jcs/skin.css\" rel=\"stylesheet\" />\n<script type=\"text/javascript\" src=\"//cdnjs.cloudflare.com/ajax/libs/json2/20140204/json2.min.js\"></script>\n<script type=\"text/javascript\" src=\"https://googledrive.com/host/0B9zLzpZ-06uFY1A2OG5Dd0k3TW8/ample-sdk/ample/runtime.js\"></script>\n<script type=\"text/javascript\" src=\"https://googledrive.com/host/0B9zLzpZ-06uFY1A2OG5Dd0k3TW8/ample-sdk/ample/languages/xhtml/xhtml.js\"></script>\n<script type=\"text/javascript\" src=\"https://googledrive.com/host/0B9zLzpZ-06uFY1A2OG5Dd0k3TW8/ample-sdk/ample/languages/xul/xul.js\"></script>\n{jul_script}\n{project_script}\n</head>\n<body>\n<script type=\"text/javascript\">\nample.$init();\n{project_ns}.init();\n</script>\n</body>\n</html>",
	"parserConfig":{
		"classProperty":"xclass","defaultClass":"xul","childrenProperty":"children","membersProperties":[],"idProperty":"id","bindingProperty":"cid","useTags":true,"tagProperty":"tag","topDown":true,"parentProperty":"parent","customFactory":"JUL.UI.createDom"
	},
	"ui":{
		"xclass":"xul","tag":"dialog","id":"dialog-browse","height":350,"hidden":true,"title":"Browse","width":700,"children":[
			{"xclass":"xul","tag":"listbox","id":"listbox-browse","flex":1,"seltype":"single","children":[
				{"xclass":"xul","tag":"listhead","children":[
					{"xclass":"xul","tag":"listheader","label":"Name","width":300},
					{"xclass":"xul","tag":"listheader","label":"Title","width":300}
				]},
				{"xclass":"xul","tag":"listbody"}
			]}
		]
	},
	"logic":{
		"dialog-browse":{
			"listeners":{
				"dialogaccept":"function () {\nJUL.Comments.project.open();\n\treturn false;\n\n}"
			}
		},
		"listbox-browse":{
			"listeners":{
				"dblclick":"function (oEvent) {\n\tif (oEvent.target.nodeName !== 'xul:listcell') { return; }\n\tJUL.Comments.project.open();\n}"
			}
		}
	}
}