{
	"keepBindings":false,
	"lastComponentId":2,
	"listenersProperty":"listeners",
	"noLogic":false,
	"ns":"JUL.Comments.browse",
	"suggestedFramework":"xul",
	"title":"JUL Comment System - Browse dialog",
	"version":"1.1573491428625",
	"init":"=func: function () {\n\tthis.parser = new jul.ui.Parser(this.parserConfig);\n\tthis.dialog = this.parser.create(this.ui, this.logic);\n\tif (this.dialog) {\n\t\tample.documentElement.appendChild(this.dialog);\n\t\tthis.dialog.showModal();\n\t}\n}",
	"template":"<!DOCTYPE html>\n<html>\n<head>\n<meta charset=\"UTF-8\" />\n<title>{project_title}</title>\n{polyfill_script}\n<link type=\"text/css\" href=\"https://zonebuilder.github.io/jul/ample-sdk/ample/languages/xhtml/themes/default/style-prod.css\" rel=\"stylesheet\" />\n<link type=\"text/css\" href=\"https://zonebuilder.github.io/jul/ample-sdk/ample/languages/xul/themes/default/style-prod.css\" rel=\"stylesheet\" />\n<link type=\"text/css\" href=\"../../assets/examples/jcs/main.css\" rel=\"stylesheet\" />\n<link type=\"text/css\" href=\"../../assets/examples/jcs/skin.css\" rel=\"stylesheet\" />\n<script type=\"text/javascript\" src=\"https://zonebuilder.github.io/jul/ample-sdk/ample/runtime.js\"></script>\n<script type=\"text/javascript\" src=\"https://zonebuilder.github.io/jul/ample-sdk/ample/languages/xhtml/xhtml.js\"></script>\n<script type=\"text/javascript\" src=\"https://zonebuilder.github.io/jul/ample-sdk/ample/languages/xul/xul.js\"></script>\n{jul_script}\n{project_script}\n</head>\n<body>\n<script type=\"text/javascript\">\nample.$init();\n{project_ns}.init();\n</script>\n</body>\n</html>",
	"parserConfig":{
		"classProperty":"xclass","defaultClass":"xul","childrenProperty":"children","membersProperties":[],"idProperty":"id",
		"bindingProperty":"cid","useTags":true,"tagProperty":"tag","topDown":true,"parentProperty":"parent",
		"customFactory":"JUL.UI.createDom","membersMappings":{}
	},
	"ui":{
		"xclass":"xul","tag":"dialog","id":"dialog-browse","height":410,"hidden":true,"title":"Browse","width":800,"children":[
			{"xclass":"xul","tag":"listbox","id":"listbox-browse","flex":1,"seltype":"single","children":[
				{"xclass":"xul","tag":"listhead","children":[
					{"xclass":"xul","tag":"listheader","label":"Name","width":390},
					{"xclass":"xul","tag":"listheader","label":"Title","width":390}
				]},
				{"xclass":"xul","tag":"listbody"}
			]}
		]
	},
	"logic":{
		"dialog-browse":{
			"listeners":{
				"dialogaccept":"=func: function () {\nJUL.Comments.project.open();\n\treturn false;\n\n}"
			}
		},
		"listbox-browse":{
			"listeners":{
				"dblclick":"=func: function (oEvent) {\n\tif (oEvent.target.nodeName !== 'xul:listcell') { return; }\n\tJUL.Comments.project.open();\n}"
			}
		}
	}
}