{
	"lastComponentId":2,
	"listenersProperty":"listeners",
	"noLogic":false,
	"ns":"JUL.Comments.edit",
	"suggestedFramework":"xul",
	"title":"JUL Comment System - Edit dialog",
	"version":"0.1446313240206",
	"init":"function () {\n\tthis.parser = new JUL.UI.Parser(this.parserConfig);\n\tthis.dialog = this.parser.create(this.ui, this.logic);\n\tif (this.dialog) {\n\t\tample.documentElement.appendChild(this.dialog);\n\t\tthis.dialog.showModal();\n\t}\n}",
	"template":"<!DOCTYPE html>\n<html>\n<head>\n<meta http-equiv=\"Content-Type\" content=\"text/html; charset=UTF-8\" />\n<title>{project_title}</title>\n<link type=\"text/css\" href=\"https://googledrive.com/host/0B9zLzpZ-06uFY1A2OG5Dd0k3TW8/ample-sdk/ample/languages/xhtml/themes/default/style-prod.css\" rel=\"stylesheet\" />\n<link type=\"text/css\" href=\"https://googledrive.com/host/0B9zLzpZ-06uFY1A2OG5Dd0k3TW8/ample-sdk/ample/languages/xul/themes/default/style-prod.css\" rel=\"stylesheet\" />\n<link type=\"text/css\" href=\"../../assets/examples/jcs/main.css\" rel=\"stylesheet\" />\n<link type=\"text/css\" href=\"../../assets/examples/jcs/skin.css\" rel=\"stylesheet\" />\n<script type=\"text/javascript\" src=\"//cdnjs.cloudflare.com/ajax/libs/json2/20140204/json2.min.js\"></script>\n<script type=\"text/javascript\" src=\"https://googledrive.com/host/0B9zLzpZ-06uFY1A2OG5Dd0k3TW8/ample-sdk/ample/runtime.js\"></script>\n<script type=\"text/javascript\" src=\"https://googledrive.com/host/0B9zLzpZ-06uFY1A2OG5Dd0k3TW8/ample-sdk/ample/languages/xhtml/xhtml.js\"></script>\n<script type=\"text/javascript\" src=\"https://googledrive.com/host/0B9zLzpZ-06uFY1A2OG5Dd0k3TW8/ample-sdk/ample/languages/xul/xul.js\"></script>\n{jul_script}\n{project_script}\n</head>\n<body>\n<script type=\"text/javascript\">\nample.$init();\n{project_ns}.init();\n</script>\n</body>\n</html>",
	"parserConfig":{
		"classProperty":"xclass","defaultClass":"xul","childrenProperty":"children","membersProperties":[],"idProperty":"id","bindingProperty":"cid","useTags":true,"tagProperty":"tag","topDown":true,"parentProperty":"parent","customFactory":"JUL.UI.createDom"
	},
	"ui":{
		"xclass":"xul","tag":"dialog","title":"Edit","id":"dialog-edit","height":350,"hidden":true,"width":700,"children":[
			{"xclass":"xul","tag":"textbox","id":"textbox-edit","flex":1,"multiline":true,"width":"100%"}
		]
	},
	"logic":{
		"dialog-edit":{
			"listeners":{
				"dialogaccept":"function () {\n\tJUL.Comments.saveCode();\n}"
			}
		}
	}
}