{"keepBindings":false,"listenersProperty":"listeners","ns":"JUL.Comments.edit","suggestedFramework":"xul","title":"JUL Comment System - Edit dialog","version":"1.1474974906727","template":"<!DOCTYPE html>\n<html>\n<head>\n<meta http-equiv=\"Content-Type\" content=\"text/html; charset=UTF-8\" />\n<title>{project_title}</title>\n<link type=\"text/css\" href=\"/jcs/amplesdk-mainta-0.9.4/ample/languages/xhtml/themes/default/style-prod.css\" rel=\"stylesheet\" />\n<link type=\"text/css\" href=\"/jcs/amplesdk-mainta-0.9.4/ample/languages/xul/themes/default/style-prod.css\" rel=\"stylesheet\" />\n<link type=\"text/css\" href=\"/jcs/source/css/main.css\" rel=\"stylesheet\" />\n<link type=\"text/css\" href=\"/jcs/source/css/skin.css\" rel=\"stylesheet\" />\n<script type=\"text/javascript\" src=\"/jcs/amplesdk-mainta-0.9.4/ample/runtime.js\"></script>\n<script type=\"text/javascript\" src=\"/jcs/amplesdk-mainta-0.9.4/ample/languages/xhtml/xhtml.js\"></script>\n<script type=\"text/javascript\" src=\"/jcs/amplesdk-mainta-0.9.4/ample/languages/xul/xul.js\"></script>\n<script type=\"text/javascript\" src=\"/designer/source/js/jul.js\"></script>\n{project_script}\n</head>\n<body>\n<script type=\"text/javascript\">\nample.$init();\n{project_ns}.init();\n</script>\n</body>\n</html>"}