{
	"keepBindings":false,
	"lastComponentId":2,
	"listenersProperty":"listeners",
	"noLogic":false,
	"ns":"JUL.Comments.open",
	"suggestedFramework":"xul",
	"title":"JUL Comment System - Open dialog",
	"version":"1.1498890188647",
	"init":"=func: function () {\n\tthis.parser = new jul.ui.Parser(this.parserConfig);\n\tthis.dialog = this.parser.create(this.ui, this.logic);\n\tif (this.dialog) {\n\t\tample.documentElement.appendChild(this.dialog);\n\t\tthis.dialog.showModal();\n\t}\n}",
	"template":"<!DOCTYPE html>\n<html>\n<head>\n<meta http-equiv=\"Content-Type\" content=\"text/html; charset=UTF-8\" />\n<title>{project_title}</title>\n<link type=\"text/css\" href=\"https://zonebuilder.github.io/jul/ample-sdk/ample/languages/xhtml/themes/default/style-prod.css\" rel=\"stylesheet\" />\n<link type=\"text/css\" href=\"https://zonebuilder.github.io/jul/ample-sdk/ample/languages/xul/themes/default/style-prod.css\" rel=\"stylesheet\" />\n<link type=\"text/css\" href=\"../../assets/examples/jcs/main.css\" rel=\"stylesheet\" />\n<link type=\"text/css\" href=\"../../assets/examples/jcs/skin.css\" rel=\"stylesheet\" />\n<script type=\"text/javascript\" src=\"https://zonebuilder.github.io/jul/ample-sdk/ample/runtime.js\"></script>\n<script type=\"text/javascript\" src=\"https://zonebuilder.github.io/jul/ample-sdk/ample/languages/xhtml/xhtml.js\"></script>\n<script type=\"text/javascript\" src=\"https://zonebuilder.github.io/jul/ample-sdk/ample/languages/xul/xul.js\"></script>\n{jul_script}\n{project_script}\n</head>\n<body>\n<script type=\"text/javascript\">\nample.$init();\n{project_ns}.init();\n</script>\n</body>\n</html>",
	"parserConfig":{
		"classProperty":"xclass","defaultClass":"xul","childrenProperty":"children","membersProperties":[],"idProperty":"id",
		"bindingProperty":"cid","useTags":true,"tagProperty":"tag","topDown":true,"parentProperty":"parent",
		"customFactory":"JUL.UI.createDom","membersMappings":{}
	},
	"ui":{
		"xclass":"xul","tag":"dialog","id":"dialog-open","height":410,"hidden":true,"title":"Open","width":800,"children":[
			{"xclass":"xul","tag":"grid","children":[
				{"xclass":"xul","tag":"columns","children":[
					{"xclass":"xul","tag":"column","flex":2},
					{"xclass":"xul","tag":"column","flex":3}
				]},
				{"xclass":"xul","tag":"rows"}
			],
			"id":"grid-settings"}
		]
	},
	"logic":{
		"dialog-open":{
			"listeners":{
				"dialogaccept":"=func: function () {\n\tJUL.Comments.project.onOpen();\n\treturn false;\n}"
			}
		}
	}
}