{"listenersProperty":"listeners","ns":"JUL.Comments.project","suggestedFramework":"xul","title":"JUL Comment System - Main page","version":"1.1461765032695","template":"<!DOCTYPE html>\n<html>\n<head>\n<meta http-equiv=\"Content-Type\" content=\"text/html; charset=UTF-8\" />\n<title>{project_title}</title>\n<link type=\"text/css\" href=\"https://googledrive.com/host/0B9zLzpZ-06uFY1A2OG5Dd0k3TW8/ample-sdk/ample/languages/xhtml/themes/default/style-prod.css\" rel=\"stylesheet\" />\n<link type=\"text/css\" href=\"https://googledrive.com/host/0B9zLzpZ-06uFY1A2OG5Dd0k3TW8/ample-sdk/ample/languages/xul/themes/default/style-prod.css\" rel=\"stylesheet\" />\n<link type=\"text/css\" href=\"../../assets/examples/jcs/main.css\" rel=\"stylesheet\" />\n<link type=\"text/css\" href=\"../../assets/examples/jcs/skin.css\" rel=\"stylesheet\" />\n<script type=\"text/javascript\" src=\"//cdnjs.cloudflare.com/ajax/libs/json2/20140204/json2.min.js\"></script>\n<script type=\"text/javascript\" src=\"https://googledrive.com/host/0B9zLzpZ-06uFY1A2OG5Dd0k3TW8/ample-sdk/ample/runtime.js\"></script>\n<script type=\"text/javascript\" src=\"https://googledrive.com/host/0B9zLzpZ-06uFY1A2OG5Dd0k3TW8/ample-sdk/ample/languages/xhtml/xhtml.js\"></script>\n<script type=\"text/javascript\" src=\"https://googledrive.com/host/0B9zLzpZ-06uFY1A2OG5Dd0k3TW8/ample-sdk/ample/languages/xul/xul.js\"></script>\n{jul_script}\n{project_script}\n</head>\n<body>\n<script type=\"text/javascript\">\nample.$init();\n{project_ns}.init();\n</script>\n</body>\n</html>"}