{"keepBindings":true,"listenersProperty":"listeners","ns":"JWL.components.jsonoptions","suggestedFramework":"html","title":"JWL Components - Options object stored as JSON","version":"1.1484796688334","template":"<!DOCTYPE html>\n<html>\n<head>\n<meta http-equiv=\"Content-Type\" content=\"text/html; charset=UTF-8\" />\n<meta name=\"viewport\" content=\"width=device-width, initial-scale=1\" />\n<title>{project_title}</title>\n<link rel=\"stylesheet\" type=\"text/css\" href=\"../../assets/examples/lib/faws/css/font-awesome.min.css?{ts}\" />\n<link rel=\"stylesheet\" type=\"text/css\" href=\"../../assets/examples/lib/jwl/css/jsonoptions.css?{ts}\" />\n{jul_script}\n{project_script}\n<script type=\"text/javascript\" src=\"../../assets/examples/lib/jwl/js/jwl.js?{ts}\"></script>\n<script type=\"text/javascript\" src=\"../../assets/examples/lib/jwl/js/jwl-data.js?{ts}\"></script>\n</head>\n<body>\n<script type=\"text/javascript\">\n{project_ns}.init();\n</script>\n</body>\n</html>"}